,ene_cost,penalty,sum
0,-1.3983371126228283e-05,-0.0,-1.3983371126228283e-05
1,-1.3983371126228283e-05,-0.0,-1.3983371126228283e-05
2,-1.3983371126228283e-05,-0.0,-1.3983371126228283e-05
3,-1.3983371126228283e-05,-0.0,-1.3983371126228283e-05
4,-1.3983371126228283e-05,-0.0,-1.3983371126228283e-05
5,-1.3983371126228283e-05,-0.0,-1.3983371126228283e-05
6,-1.3983371126228283e-05,-0.0,-1.3983371126228283e-05
7,-1.3983371126228283e-05,-0.0,-1.3983371126228283e-05
8,-1.3983371126228283e-05,-0.0,-1.3983371126228283e-05
9,-1.3983371126228283e-05,-0.0,-1.3983371126228283e-05
10,-1.3983371126228283e-05,-0.0,-1.3983371126228283e-05
11,-1.3983371126228283e-05,-0.0,-1.3983371126228283e-05
12,-1.3983371126228283e-05,-0.0,-1.3983371126228283e-05
13,-1.3983371126228283e-05,-0.0,-1.3983371126228283e-05
14,-1.3983371126228283e-05,-0.0,-1.3983371126228283e-05
15,-1.3983371126228283e-05,-0.0,-1.3983371126228283e-05
16,-1.6685680759683132e-05,-0.0,-1.6685680759683132e-05
17,-1.6193036724411664e-05,-0.0,-1.6193036724411664e-05
18,-1.2273201986619913e-15,-0.0,-1.2273201986619913e-15
19,-8.210490749830678e-15,-0.0,-8.210490749830678e-15
20,-8.810886921730668e-14,-0.0,-8.810886921730668e-14
21,-4.519654353138905e-15,-0.0,-4.519654353138905e-15
22,-3.1401535166767663e-16,-0.0,-3.1401535166767663e-16
23,-1.6309306205511214e-17,-0.0,-1.6309306205511214e-17
24,-6.24330404450743e-17,-0.0,-6.24330404450743e-17
25,-2.017717500542365e-15,-0.0,-2.017717500542365e-15
26,-3.937120139600154e-15,-0.0,-3.937120139600154e-15
27,-2.3510849960508107e-15,-0.0,-2.3510849960508107e-15
28,-2.7502005595048186e-16,-859.3762696823433,-859.3762696823433
29,-3.6321018943900267e-14,-812.0862149434288,-812.0862149434288
30,-1.9097186057758353e-15,-757.0287319866679,-757.0287319866679
31,-1.2270884539193412e-12,-693.6688857392596,-693.6688857392609
32,-7.833779180717882e-13,-618.1270427506547,-618.1270427506555
33,-1.285148364793917e-15,-391.86533849645,-391.86533849645
34,-2.920575534694507e-16,-213.31697989019176,-213.31697989019176
35,-7.393311635632838e-12,-37.35649254824693,-37.35649254825433
36,-2.0650543163357163e-09,-0.0,-2.0650543163357163e-09
37,-3.5653316059469455e-05,-0.0,-3.5653316059469455e-05
38,-0.0003768274542510249,-0.0,-0.0003768274542510249
39,-1.0654230725664673e-09,-194.05584852846687,-194.05584852953228
40,-3.558152516493705e-05,-0.0,-3.558152516493705e-05
41,-0.00038166098945304877,-0.0,-0.00038166098945304877
42,-0.0003827243565895479,-0.0,-0.0003827243565895479
43,-3.5574008666925794e-05,-0.0,-3.5574008666925794e-05
44,-0.0003816755339802061,-0.0,-0.0003816755339802061
45,-0.0003816590375522805,-0.0,-0.0003816590375522805
46,-0.0003819506327564404,-0.0,-0.0003819506327564404
47,-0.000381667770237829,-0.0,-0.000381667770237829
48,-0.0009739658385232471,-0.0,-0.0009739658385232471
49,-0.000973863404618537,-0.0,-0.000973863404618537
50,-0.0009734599410740176,-0.0,-0.0009734599410740176
51,-0.0009735910774135255,-30.019578315079798,-30.020551906157213
52,-0.0011085163090000594,-82.50581659343652,-82.50692510974552
53,-0.0011559391798318022,-91.73891216406673,-91.74006810324657
54,-0.0012485978290288425,-107.72276089223851,-107.72400949006754
55,-0.001243975035810318,-102.54989340432985,-102.55113737936566
56,-0.0012800020686497486,-108.93507000749878,-108.93635000956743
57,-0.0010770841979426246,-100.11864450236772,-100.11972158656566
58,-0.0010446865742034324,-138.51170555706176,-138.51275024363596
59,-0.0009736559694070317,-135.15821160276573,-135.15918525873514
60,-0.0009738479187127963,-130.75728155474735,-130.75825540266607
61,-0.0009723804696946505,-98.08510167397344,-98.08607405444313
62,-0.0009744181393402231,-56.79647083087502,-56.797445249014366
63,-0.0009706495237178256,-8.872308074899138,-8.873278724422855
64,-0.0009729508790098932,-0.0,-0.0009729508790098932
65,-0.0009684417286681157,-0.0,-0.0009684417286681157
66,-0.00097376880042343,-0.0,-0.00097376880042343
67,-0.0009661974396758006,-0.0,-0.0009661974396758006
68,-0.0009759132048805949,-0.0,-0.0009759132048805949
69,-9.12054473698317e-05,-0.0,-9.12054473698317e-05
70,-0.0009683211034475493,-92.9868956477776,-92.98786396888104
71,-9.292066365968686e-05,-0.0,-9.292066365968686e-05
72,-0.0003762085580307999,-0.0,-0.0003762085580307999
73,-0.0003738165759209308,-0.0,-0.0003738165759209308
74,-0.00038330532315026015,-0.0,-0.00038330532315026015
75,-7.885446025268246e-10,-53.3849150159881,-53.384915016776645
76,-3.626528427612381e-05,-0.0,-3.626528427612381e-05
77,-3.626528427612381e-05,-0.0,-3.626528427612381e-05
78,-3.626528427612381e-05,-0.0,-3.626528427612381e-05
79,-3.626528427612381e-05,-0.0,-3.626528427612381e-05
80,-3.626528427612381e-05,-0.0,-3.626528427612381e-05
81,-3.626528427612381e-05,-0.0,-3.626528427612381e-05
82,-3.626528427612381e-05,-0.0,-3.626528427612381e-05
83,-3.626528427612381e-05,-0.0,-3.626528427612381e-05
84,-3.626528427612381e-05,-0.0,-3.626528427612381e-05
85,-0.00043022020593374335,-0.0,-0.00043022020593374335
86,-3.531397259266937e-05,-0.0,-3.531397259266937e-05
87,-0.0003811858217937689,-0.0,-0.0003811858217937689
88,-3.34511759680561e-05,-0.0,-3.34511759680561e-05
89,-0.00038016125514787717,-0.0,-0.00038016125514787717
90,-0.0003844172842923823,-0.0,-0.0003844172842923823
91,-3.794100988720449e-05,-0.0,-3.794100988720449e-05
92,-1.6685680759683132e-05,-0.0,-1.6685680759683132e-05
93,-1.6685680759683132e-05,-0.0,-1.6685680759683132e-05
94,-1.6685680759683132e-05,-0.0,-1.6685680759683132e-05
95,-1.6685680759683132e-05,-0.0,-1.6685680759683132e-05
96,-1.6685680759683132e-05,-0.0,-1.6685680759683132e-05
97,-1.6685680759683132e-05,-0.0,-1.6685680759683132e-05
98,-1.6685680759683132e-05,-0.0,-1.6685680759683132e-05
99,-1.6685680759683132e-05,-0.0,-1.6685680759683132e-05
100,-1.6685680759683132e-05,-0.0,-1.6685680759683132e-05
101,-1.6685680759683132e-05,-0.0,-1.6685680759683132e-05
102,-1.6685680759683132e-05,-0.0,-1.6685680759683132e-05
103,-1.6685680759683132e-05,-0.0,-1.6685680759683132e-05
104,-1.6685680759683132e-05,-0.0,-1.6685680759683132e-05
105,-1.6685680759683132e-05,-0.0,-1.6685680759683132e-05
106,-1.6685680759683132e-05,-0.0,-1.6685680759683132e-05
107,-1.6685680759683132e-05,-0.0,-1.6685680759683132e-05
108,-1.6685680759683132e-05,-0.0,-1.6685680759683132e-05
109,-1.6685680759683132e-05,-0.0,-1.6685680759683132e-05
110,-1.6685680759683132e-05,-0.0,-1.6685680759683132e-05
111,-1.6685680759683132e-05,-0.0,-1.6685680759683132e-05
112,-1.6685680759683132e-05,-0.0,-1.6685680759683132e-05
113,-1.6352480624328095e-05,-0.0,-1.6352480624328095e-05
114,-7.603030641957664e-14,-0.0,-7.603030641957664e-14
115,-2.79244910069041e-15,-0.0,-2.79244910069041e-15
116,-1.3286056144785685e-13,-0.0,-1.3286056144785685e-13
117,-1.9869847325613214e-15,-0.0,-1.9869847325613214e-15
118,-8.961658948182394e-14,-0.0,-8.961658948182394e-14
119,-9.338457732080286e-16,-0.0,-9.338457732080286e-16
120,-1.8420948958868397e-13,-0.0,-1.8420948958868397e-13
121,-6.319207328438728e-14,-0.0,-6.319207328438728e-14
122,-4.925327563357987e-13,-0.0,-4.925327563357987e-13
123,-9.80030919724431e-15,-0.0,-9.80030919724431e-15
124,-4.829629178789016e-16,-805.5994777202841,-805.5994777202841
125,-5.782013566587523e-16,-723.9925015635663,-723.9925015635663
126,-2.810395358788703e-14,-631.0172020376513,-631.0172020376513
127,-3.032750400606727e-15,-528.477707647653,-528.477707647653
128,-1.3882050473670846e-13,-418.0605403285085,-418.06054032850864
129,-1.2311949239748602e-14,-167.3619104310319,-167.3619104310319
130,-1.3315714060906148e-09,-0.0,-1.3315714060906148e-09
131,-1.928464696733701e-09,-0.0,-1.928464696733701e-09
132,-0.0003806869915761403,-0.0,-0.0003806869915761403
133,-2.49718922147186e-11,-296.72044438134435,-296.7204443813693
134,-0.00038283695866730993,-0.0,-0.00038283695866730993
135,-3.5659046152394954e-05,-86.7493281199927,-86.74936377903884
136,-3.5580614260257915e-05,-0.0,-3.5580614260257915e-05
137,-0.0003794784760515555,-0.0,-0.0003794784760515555
138,-0.00038400222240815877,-0.0,-0.00038400222240815877
139,-0.000385942928661682,-0.0,-0.000385942928661682
140,-0.00038687130314441387,-0.0,-0.00038687130314441387
141,-0.00037765514141910637,-0.0,-0.00037765514141910637
142,-0.00045622768973969485,-0.0,-0.00045622768973969485
143,-0.00040303255660722407,-0.0,-0.00040303255660722407
144,-0.0009819416628124534,-0.0,-0.0009819416628124534
145,-0.0011804461835152186,-11.51887054721783,-11.520050993401345
146,-0.0012416131212749626,-33.121332507425905,-33.12257412054718
147,-0.001460591191392026,-73.09423582444197,-73.09569641563336
148,-0.0014740112769867553,-70.97923820048209,-70.98071221175907
149,-0.0015020872542645621,-95.4545839312459,-95.45608601850017
150,-0.0014520547464019,-108.7174103577695,-108.7188624125159
151,-0.0014335890603057579,-128.6640397072233,-128.6654732962836
152,-0.0013662513571092538,-135.54509151686034,-135.54645776821744
153,-0.0013113795087029978,-143.395303968191,-143.3966153476997
154,-0.001219916560500548,-141.82257968143404,-141.82379959799454
155,-0.0011356907472016868,-140.7086945370679,-140.7098302278151
156,-0.001027027449263522,-131.52665436365396,-131.52768139110321
157,-0.0009736883706223306,-123.24198908013386,-123.24296276850448
158,-0.000973978549488253,-97.93316273595565,-97.93413671450513
159,-0.0009760141185859868,-54.49536975877436,-54.496345772892944
160,-0.0009735127482861941,-8.079920388092887,-8.080893900841174
161,-0.0009789708118393755,-0.0,-0.0009789708118393755
162,-0.0009726299582816597,-0.0,-0.0009726299582816597
163,-0.0010119963629976014,-0.0,-0.0010119963629976014
164,-0.00097105281893523,-0.0,-0.00097105281893523
165,-0.0009421767200436624,-0.0,-0.0009421767200436624
166,-0.0009827965699631233,-0.0,-0.0009827965699631233
167,-8.682386673884455e-05,-0.0,-8.682386673884455e-05
168,-0.0003841092887882332,-16.980560120521204,-16.980944229809992
169,-3.4334612771157736e-05,-0.0,-3.4334612771157736e-05
170,-3.586649576955608e-05,-0.0,-3.586649576955608e-05
171,-3.8749107603336083e-05,-0.0,-3.8749107603336083e-05
172,-3.626528427612381e-05,-0.0,-3.626528427612381e-05
173,-3.626528427612381e-05,-0.0,-3.626528427612381e-05
174,-3.626528427612381e-05,-0.0,-3.626528427612381e-05
175,-3.626528427612381e-05,-0.0,-3.626528427612381e-05
176,-3.626528427612381e-05,-0.0,-3.626528427612381e-05
177,-3.626528427612381e-05,-0.0,-3.626528427612381e-05
178,-3.626528427612381e-05,-0.0,-3.626528427612381e-05
179,-3.626528427612381e-05,-0.0,-3.626528427612381e-05
180,-3.626528427612381e-05,-0.0,-3.626528427612381e-05
181,-0.00043022020593374335,-0.0,-0.00043022020593374335
182,-3.531397259266937e-05,-0.0,-3.531397259266937e-05
183,-0.0003811858217937689,-0.0,-0.0003811858217937689
184,-3.34511759680561e-05,-0.0,-3.34511759680561e-05
185,-0.00038016125514787717,-0.0,-0.00038016125514787717
186,-0.0003844172842923823,-0.0,-0.0003844172842923823
187,-3.794100988720449e-05,-0.0,-3.794100988720449e-05
188,-1.6685680759683132e-05,-0.0,-1.6685680759683132e-05
189,-1.6685680759683132e-05,-0.0,-1.6685680759683132e-05
190,-1.6685680759683132e-05,-0.0,-1.6685680759683132e-05
191,-1.6685680759683132e-05,-0.0,-1.6685680759683132e-05
192,-1.6685680759683132e-05,-0.0,-1.6685680759683132e-05
193,-1.6685680759683132e-05,-0.0,-1.6685680759683132e-05
194,-1.6685680759683132e-05,-0.0,-1.6685680759683132e-05
195,-1.6685680759683132e-05,-0.0,-1.6685680759683132e-05
196,-1.6685680759683132e-05,-0.0,-1.6685680759683132e-05
197,-1.6685680759683132e-05,-0.0,-1.6685680759683132e-05
198,-1.6685680759683132e-05,-0.0,-1.6685680759683132e-05
199,-1.6685680759683132e-05,-0.0,-1.6685680759683132e-05
200,-1.6685680759683132e-05,-0.0,-1.6685680759683132e-05
201,-1.6685680759683132e-05,-0.0,-1.6685680759683132e-05
202,-1.6685680759683132e-05,-0.0,-1.6685680759683132e-05
203,-1.6685680759683132e-05,-0.0,-1.6685680759683132e-05
204,-1.6685680759683132e-05,-0.0,-1.6685680759683132e-05
205,-1.6685680759683132e-05,-0.0,-1.6685680759683132e-05
206,-1.6685680759683132e-05,-0.0,-1.6685680759683132e-05
207,-1.6685680759683132e-05,-0.0,-1.6685680759683132e-05
208,-1.6685680759683132e-05,-0.0,-1.6685680759683132e-05
209,-1.634048534683796e-05,-0.0,-1.634048534683796e-05
210,-1.2064838732256097e-13,-0.0,-1.2064838732256097e-13
211,-2.5742462859665726e-15,-0.0,-2.5742462859665726e-15
212,-2.0268449866544898e-14,-0.0,-2.0268449866544898e-14
213,-8.39048618509317e-16,-0.0,-8.39048618509317e-16
214,-2.3145660797023927e-14,-0.0,-2.3145660797023927e-14
215,-4.108101114602066e-17,-0.0,-4.108101114602066e-17
216,-6.711060885017189e-15,-0.0,-6.711060885017189e-15
217,-6.469956499688597e-15,-0.0,-6.469956499688597e-15
218,-9.868866512666948e-15,-0.0,-9.868866512666948e-15
219,-3.73514433043421e-13,-0.0,-3.73514433043421e-13
220,-1.343386405413735e-14,-876.6759822456493,-876.6759822456493
221,-2.1360231845336884e-16,-800.0066295078909,-800.0066295078909
222,-2.1576836365117017e-13,-712.2887877023686,-712.2887877023688
223,-6.68092352347123e-14,-614.322971018828,-614.3229710188281
224,-7.1829942167653e-13,-506.3529393404906,-506.35293934049133
225,-4.2608804426240687e-13,-253.34713836269884,-253.34713836269927
226,-2.0589827593894408e-09,-55.77525790215532,-55.7752579042143
227,-3.6034483617136254e-05,-0.0,-3.6034483617136254e-05
228,-2.761608667301693e-10,-108.96436392441728,-108.96436392469344
229,-3.548163058684079e-05,-0.0,-3.548163058684079e-05
230,-0.0003815901084779832,-0.0,-0.0003815901084779832
231,-0.0003817679494184257,-91.82163809196027,-91.82201985990969
232,-0.00038154089003890205,-16.868413362954016,-16.868794903844055
233,-3.559396221533693e-05,-0.0,-3.559396221533693e-05
234,-0.0003817793982546125,-0.0,-0.0003817793982546125
235,-0.0003826520215878717,-0.0,-0.0003826520215878717
236,-0.0003817125077772121,-0.0,-0.0003817125077772121
237,-0.0003840031644442035,-0.0,-0.0003840031644442035
238,-0.0003839874338906816,-0.0,-0.0003839874338906816
239,-0.00034684509047667756,-0.0,-0.00034684509047667756
240,-0.0009688795791582228,-3.6692183809009293,-3.6701872604800876
241,-0.001114372148192237,-66.1514732062983,-66.1525875784465
242,-0.0013195379151121167,-95.80937800942593,-95.81069754734104
243,-0.0015810455617447931,-96.63216330196747,-96.63374434752922
244,-0.0015728235759144213,-76.39697206608389,-76.3985448896598
245,-0.0017871375506113192,-97.81915085338824,-97.82093799093884
246,-0.0015436549643371151,-76.73499669341481,-76.73654034837915
247,-0.001772482980248243,-125.37108168049826,-125.37285416347851
248,-0.0015818396789026854,-91.24661281027784,-91.24819464995674
249,-0.0017279896527545237,-116.64882087125079,-116.65054886090354
250,-0.0015562570076093649,-79.93309253895404,-79.93464879596165
251,-0.0016117414546981503,-87.88569181500634,-87.88730355646103
252,-0.0014441366282136395,-49.92859518340538,-49.93003932003359
253,-0.0012402917692429175,-43.17643760282408,-43.17767789459332
254,-0.0010723332323802131,-46.27173013331003,-46.27280246654241
255,-0.0009738300528973564,-48.39589499160866,-48.396868821661556
256,-0.0009739148106189492,-38.20146533795423,-38.202439252764854
257,-0.0009737474669397819,-0.0,-0.0009737474669397819
258,-0.000974777937899075,-0.0,-0.000974777937899075
259,-0.0009716180853215523,-0.0,-0.0009716180853215523
260,-0.000974074694124409,-0.0,-0.000974074694124409
261,-0.0009720644831849119,-0.0,-0.0009720644831849119
262,-0.0009703458670506598,-0.0,-0.0009703458670506598
263,-0.0009650445287103951,-0.0,-0.0009650445287103951
264,-0.00036356706125303246,-0.0,-0.00036356706125303246
265,-0.00037891871290905764,-0.0,-0.00037891871290905764
266,-0.0003753157645182634,-0.0,-0.0003753157645182634
267,-2.983955664775358e-05,-0.0,-2.983955664775358e-05
268,-3.626528427612381e-05,-0.0,-3.626528427612381e-05
269,-3.626528427612381e-05,-0.0,-3.626528427612381e-05
270,-3.626528427612381e-05,-0.0,-3.626528427612381e-05
271,-3.626528427612381e-05,-0.0,-3.626528427612381e-05
272,-3.626528427612381e-05,-0.0,-3.626528427612381e-05
273,-3.626528427612381e-05,-0.0,-3.626528427612381e-05
274,-3.626528427612381e-05,-0.0,-3.626528427612381e-05
275,-3.626528427612381e-05,-0.0,-3.626528427612381e-05
276,-3.626528427612381e-05,-0.0,-3.626528427612381e-05
277,-0.00043022020593374335,-0.0,-0.00043022020593374335
278,-3.531397259266937e-05,-0.0,-3.531397259266937e-05
279,-0.0003811858217937689,-0.0,-0.0003811858217937689
280,-3.34511759680561e-05,-0.0,-3.34511759680561e-05
281,-0.00038016125514787717,-0.0,-0.00038016125514787717
282,-0.0003844172842923823,-0.0,-0.0003844172842923823
283,-3.794100988720449e-05,-0.0,-3.794100988720449e-05
284,-1.6685680759683132e-05,-0.0,-1.6685680759683132e-05
285,-1.6685680759683132e-05,-0.0,-1.6685680759683132e-05
286,-1.6685680759683132e-05,-0.0,-1.6685680759683132e-05
287,-1.6685680759683132e-05,-0.0,-1.6685680759683132e-05
288,-1.6685680759683132e-05,-0.0,-1.6685680759683132e-05
289,-1.6685680759683132e-05,-0.0,-1.6685680759683132e-05
290,-1.6685680759683132e-05,-0.0,-1.6685680759683132e-05
291,-1.6685680759683132e-05,-0.0,-1.6685680759683132e-05
292,-1.6685680759683132e-05,-0.0,-1.6685680759683132e-05
293,-1.6685680759683132e-05,-0.0,-1.6685680759683132e-05
294,-1.6685680759683132e-05,-0.0,-1.6685680759683132e-05
295,-1.6685680759683132e-05,-0.0,-1.6685680759683132e-05
296,-1.6685680759683132e-05,-0.0,-1.6685680759683132e-05
297,-1.6685680759683132e-05,-0.0,-1.6685680759683132e-05
298,-1.6685680759683132e-05,-0.0,-1.6685680759683132e-05
299,-1.6685680759683132e-05,-0.0,-1.6685680759683132e-05
300,-1.6685680759683132e-05,-0.0,-1.6685680759683132e-05
301,-1.6685680759683132e-05,-0.0,-1.6685680759683132e-05
302,-1.6685680759683132e-05,-0.0,-1.6685680759683132e-05
303,-1.6685680759683132e-05,-0.0,-1.6685680759683132e-05
304,-1.6685680759683132e-05,-0.0,-1.6685680759683132e-05
305,-0.0001758959887855867,-0.0,-0.0001758959887855867
306,-0.0001756590589056144,-0.0,-0.0001756590589056144
307,-0.0005532455940425409,-0.0,-0.0005532455940425409
308,-0.0008531394286637222,-0.0,-0.0008531394286637222
309,-0.0007783151771700623,-0.0,-0.0007783151771700623
310,-0.00025019189848634135,-0.0,-0.00025019189848634135
311,-1.318104891106781e-13,-0.0,-1.318104891106781e-13
312,-4.137809642526088e-16,-0.0,-4.137809642526088e-16
313,-1.0457912577895062e-13,-0.0,-1.0457912577895062e-13
314,-7.379014274526831e-15,-0.0,-7.379014274526831e-15
315,-5.497637592762232e-14,-0.0,-5.497637592762232e-14
316,-8.678521977897943e-15,-1113.8165397052376,-1113.8165397052376
317,-1.0492031707227267e-13,-1056.1282165177545,-1056.1282165177545
318,-2.907310665208415e-15,-987.1977930745402,-987.1977930745402
319,-7.633198843298765e-14,-904.9150211785673,-904.9150211785674
320,-3.944074606670944e-13,-808.8439605818394,-808.8439605818397
321,-1.6616776105839158e-12,-565.5829855300226,-565.5829855300243
322,-3.4094504577539014e-13,-368.6949558824949,-368.69495588249526
323,-4.535746378013292e-10,-170.42957753982364,-170.42957754027722
324,-3.5143421488088117e-05,-0.0,-3.5143421488088117e-05
325,-2.921391837102745e-10,-161.5784539095216,-161.57845390981376
326,-0.0003814643026723891,-0.0,-0.0003814643026723891
327,-0.00038210044379790713,-215.8997072383272,-215.900089338771
328,-0.0003806069861471032,-136.3618718021712,-136.36225240915735
329,-0.0004051623094856317,-29.352354682714576,-29.352759845024064
330,-0.0003818410551336329,-0.0,-0.0003818410551336329
331,-0.00041064464523192566,-0.0,-0.00041064464523192566
332,-0.00037389887605376784,-0.0,-0.00037389887605376784
333,-0.0003991854628460298,-0.0,-0.0003991854628460298
334,-0.00042033335335762273,-0.0,-0.00042033335335762273
335,-0.0007658172763334947,-0.0,-0.0007658172763334947
336,-0.0009958229172458987,-0.0,-0.0009958229172458987
337,-0.0019424987638874491,-0.0,-0.0019424987638874491
338,-0.0013874113141132192,-0.0,-0.0013874113141132192
339,-0.0022397807466486494,-39.22842326613818,-39.23066304688483
340,-0.0018168112212944166,-0.0,-0.0018168112212944166
341,-0.002245562510110419,-53.107409071128586,-53.1096546336387
342,-0.0018989290680658498,-18.620705425678352,-18.622604354746418
343,-0.0021101868168110745,-77.9659581747751,-77.9680683615919
344,-0.0018502210982679942,-52.742630876036856,-52.74448109713512
345,-0.0018909610157752208,-82.28987078290402,-82.29176174391979
346,-0.0016807649534219568,-60.9054092216752,-60.90708998662862
347,-0.0016241767253979678,-70.57351435557848,-70.57513853230388
348,-0.0014436756393405613,-52.8224026511225,-52.823846326761846
349,-0.0013517666752338663,-52.54625183981716,-52.547603606492395
350,-0.0011926380708277295,-34.42052051441351,-34.42171315248434
351,-0.0010903707330641105,-28.76962879651046,-28.770719167243524
352,-0.0009736788321255369,-12.842802182922242,-12.843775861754366
353,-0.0009740218926354306,-0.4254943886962792,-0.42646841058891466
354,-0.0009736576116490458,-0.0,-0.0009736576116490458
355,-0.0009738863834927021,-0.0,-0.0009738863834927021
356,-0.0009740886186467611,-0.0,-0.0009740886186467611
357,-0.0009733241445314738,-0.0,-0.0009733241445314738
358,-0.0009725106389438822,-0.0,-0.0009725106389438822
359,-0.0009686987300951714,-0.0,-0.0009686987300951714
360,-0.0003677286838384709,-0.0,-0.0003677286838384709
361,-3.846434239972585e-05,-0.0,-3.846434239972585e-05
362,-3.2172434269830494e-05,-0.0,-3.2172434269830494e-05
363,-3.601729054807018e-05,-0.0,-3.601729054807018e-05
364,-3.626528427612381e-05,-0.0,-3.626528427612381e-05
365,-3.626528427612381e-05,-0.0,-3.626528427612381e-05
366,-3.626528427612381e-05,-0.0,-3.626528427612381e-05
367,-3.626528427612381e-05,-0.0,-3.626528427612381e-05
368,-3.626528427612381e-05,-0.0,-3.626528427612381e-05
369,-3.626528427612381e-05,-0.0,-3.626528427612381e-05
370,-3.626528427612381e-05,-0.0,-3.626528427612381e-05
371,-3.626528427612381e-05,-0.0,-3.626528427612381e-05
372,-3.626528427612381e-05,-0.0,-3.626528427612381e-05
373,-0.00043022020593374335,-0.0,-0.00043022020593374335
374,-3.531397259266937e-05,-0.0,-3.531397259266937e-05
375,-0.0003811858217937689,-0.0,-0.0003811858217937689
376,-3.34511759680561e-05,-0.0,-3.34511759680561e-05
377,-0.00038016125514787717,-0.0,-0.00038016125514787717
378,-0.0003844172842923823,-0.0,-0.0003844172842923823
379,-3.794100988720449e-05,-0.0,-3.794100988720449e-05
380,-1.6685680759683132e-05,-0.0,-1.6685680759683132e-05
381,-1.6685680759683132e-05,-0.0,-1.6685680759683132e-05
382,-1.6685680759683132e-05,-0.0,-1.6685680759683132e-05
383,-1.6685680759683132e-05,-0.0,-1.6685680759683132e-05
384,-1.6685680759683132e-05,-0.0,-1.6685680759683132e-05
385,-1.6685680759683132e-05,-0.0,-1.6685680759683132e-05
386,-1.6685680759683132e-05,-0.0,-1.6685680759683132e-05
387,-1.6685680759683132e-05,-0.0,-1.6685680759683132e-05
388,-1.6685680759683132e-05,-0.0,-1.6685680759683132e-05
389,-1.6685680759683132e-05,-0.0,-1.6685680759683132e-05
390,-1.6685680759683132e-05,-0.0,-1.6685680759683132e-05
391,-1.6685680759683132e-05,-0.0,-1.6685680759683132e-05
392,-1.6685680759683132e-05,-0.0,-1.6685680759683132e-05
393,-1.6685680759683132e-05,-0.0,-1.6685680759683132e-05
394,-1.6685680759683132e-05,-0.0,-1.6685680759683132e-05
395,-1.6685680759683132e-05,-0.0,-1.6685680759683132e-05
396,-1.6685680759683132e-05,-0.0,-1.6685680759683132e-05
397,-1.6685680759683132e-05,-0.0,-1.6685680759683132e-05
398,-1.6685680759683132e-05,-0.0,-1.6685680759683132e-05
399,-1.6685680759683132e-05,-0.0,-1.6685680759683132e-05
400,-1.6685680759683132e-05,-0.0,-1.6685680759683132e-05
401,-3.8123834437429285e-16,-0.0,-3.8123834437429285e-16
402,-4.1399494755665665e-14,-0.0,-4.1399494755665665e-14
403,-3.0541019673885736e-14,-0.0,-3.0541019673885736e-14
404,-5.062451235739455e-14,-0.0,-5.062451235739455e-14
405,-4.669561134048718e-13,-0.0,-4.669561134048718e-13
406,-2.813595193605737e-14,-0.0,-2.813595193605737e-14
407,-2.5516693022072557e-16,-0.0,-2.5516693022072557e-16
408,-6.6677623596046904e-15,-0.0,-6.6677623596046904e-15
409,-7.973671259027895e-17,-0.0,-7.973671259027895e-17
410,-4.7312678068382994e-14,-0.0,-4.7312678068382994e-14
411,-1.7132519202908e-13,-0.0,-1.7132519202908e-13
412,-5.506646885273641e-14,-793.1508432408123,-793.1508432408123
413,-6.454054551310981e-13,-681.2723144390361,-681.2723144390368
414,-8.084421006603303e-15,-563.0982569814819,-563.0982569814819
415,-6.238452541900493e-14,-438.6705154597621,-438.67051545976216
416,-2.5660790596044435e-11,-307.0995130763208,-307.09951307634645
417,-3.5746398598332224e-05,-38.015061401381445,-38.01509714778004
418,-1.1942848576502981e-11,-244.70480842467168,-244.70480842468362
419,-0.00038048858429914315,-0.0,-0.00038048858429914315
420,-3.521973278991105e-05,-343.2628885385725,-343.2629237583053
421,-0.0003890377181187814,-0.0,-0.0003890377181187814
422,-0.000374492955474545,-150.0371708132434,-150.03754530619887
423,-0.0003783520211066475,-57.84639394343003,-57.84677229545114
424,-0.00041962806608262414,-0.0,-0.00041962806608262414
425,-0.0003908738354597524,-0.0,-0.0003908738354597524
426,-0.0004767379341340898,-0.0,-0.0004767379341340898
427,-0.00038513718559745605,-0.0,-0.00038513718559745605
428,-0.0005470062360019026,-0.0,-0.0005470062360019026
429,-0.0005410122158321449,-0.0,-0.0005410122158321449
430,-0.0014407100918400727,-0.0,-0.0014407100918400727
431,-0.0013474438408363721,-0.0,-0.0013474438408363721
432,-0.0023885261703847065,-0.0,-0.0023885261703847065
433,-0.0031572496284346763,-0.0,-0.0031572496284346763
434,-0.002836962353016838,-0.0,-0.002836962353016838
435,-0.0040006431922372035,-0.0,-0.0040006431922372035
436,-0.0030334021719472075,-0.0,-0.0030334021719472075
437,-0.003743866901186959,-0.0,-0.003743866901186959
438,-0.003120622456870813,-0.0,-0.003120622456870813
439,-0.0034492791878464636,-2.9409861980980168,-2.944435477285863
440,-0.0030449544998143686,-0.0,-0.0030449544998143686
441,-0.0027522061072875696,-0.0,-0.0027522061072875696
442,-0.002387702757528131,-7.004565564329823,-7.0069532670873516
443,-0.002095496006765804,-30.58760114611232,-30.589696642119087
444,-0.0018094195221765913,-46.592862775924004,-46.59467219544618
445,-0.0015437397632162197,-59.72597368355537,-59.72751742331858
446,-0.0012962028389775157,-69.70205186065641,-69.70334806349538
447,-0.001071414307990465,-78.3215279195474,-78.3225993338554
448,-0.0009739346382419828,-85.9375883607413,-85.93856229537954
449,-0.0009736685471906006,-64.55452940696205,-64.55550307550924
450,-0.0009738153711739124,-13.564933466170714,-13.565907281541888
451,-0.000974113134618546,-0.0,-0.000974113134618546
452,-0.00097219603893574,-0.0,-0.00097219603893574
453,-0.0009743049124350041,-0.0,-0.0009743049124350041
454,-0.0009722023280894825,-0.0,-0.0009722023280894825
455,-0.0009862333744236258,-0.0,-0.0009862333744236258
456,-0.0003278743377200438,-0.0,-0.0003278743377200438
457,-0.0003764196445235838,-0.0,-0.0003764196445235838
458,-3.508206226536459e-05,-0.0,-3.508206226536459e-05
459,-3.2136908407282724e-05,-0.0,-3.2136908407282724e-05
460,-3.626528427612381e-05,-0.0,-3.626528427612381e-05
461,-3.626528427612381e-05,-0.0,-3.626528427612381e-05
462,-3.626528427612381e-05,-0.0,-3.626528427612381e-05
463,-3.626528427612381e-05,-0.0,-3.626528427612381e-05
464,-3.626528427612381e-05,-0.0,-3.626528427612381e-05
465,-3.626528427612381e-05,-0.0,-3.626528427612381e-05
466,-3.626528427612381e-05,-0.0,-3.626528427612381e-05
467,-3.626528427612381e-05,-0.0,-3.626528427612381e-05
468,-3.626528427612381e-05,-0.0,-3.626528427612381e-05
469,-0.00043022020593374335,-0.0,-0.00043022020593374335
470,-3.531397259266937e-05,-0.0,-3.531397259266937e-05
471,-0.0003811858217937689,-0.0,-0.0003811858217937689
472,-3.34511759680561e-05,-0.0,-3.34511759680561e-05
473,-0.00038016125514787717,-0.0,-0.00038016125514787717
474,-0.0003844172842923823,-0.0,-0.0003844172842923823
475,-3.794100988720449e-05,-0.0,-3.794100988720449e-05
476,-1.6685680759683132e-05,-0.0,-1.6685680759683132e-05
477,-1.6685680759683132e-05,-0.0,-1.6685680759683132e-05
478,-1.6685680759683132e-05,-0.0,-1.6685680759683132e-05
479,-1.6685680759683132e-05,-0.0,-1.6685680759683132e-05
480,-1.6685680759683132e-05,-0.0,-1.6685680759683132e-05
481,-1.6685680759683132e-05,-0.0,-1.6685680759683132e-05
482,-1.6685680759683132e-05,-0.0,-1.6685680759683132e-05
483,-1.6685680759683132e-05,-0.0,-1.6685680759683132e-05
484,-1.6685680759683132e-05,-0.0,-1.6685680759683132e-05
485,-1.6685680759683132e-05,-0.0,-1.6685680759683132e-05
486,-1.6685680759683132e-05,-0.0,-1.6685680759683132e-05
487,-1.6685680759683132e-05,-0.0,-1.6685680759683132e-05
488,-1.6685680759683132e-05,-0.0,-1.6685680759683132e-05
489,-1.6685680759683132e-05,-0.0,-1.6685680759683132e-05
490,-1.6685680759683132e-05,-0.0,-1.6685680759683132e-05
491,-1.6685680759683132e-05,-0.0,-1.6685680759683132e-05
492,-1.6685680759683132e-05,-0.0,-1.6685680759683132e-05
493,-1.6685680759683132e-05,-0.0,-1.6685680759683132e-05
494,-1.6685680759683132e-05,-0.0,-1.6685680759683132e-05
495,-1.6685680759683132e-05,-0.0,-1.6685680759683132e-05
496,-1.6685680759683132e-05,-0.0,-1.6685680759683132e-05
497,-4.3020368108380897e-11,-0.0,-4.3020368108380897e-11
498,-9.220823225359943e-11,-0.0,-9.220823225359943e-11
499,-8.579976361247258e-15,-0.0,-8.579976361247258e-15
500,-5.9337237458162594e-15,-0.0,-5.9337237458162594e-15
501,-1.4732965367996476e-15,-0.0,-1.4732965367996476e-15
502,-2.2797305895948317e-16,-0.0,-2.2797305895948317e-16
503,-1.6220858669302198e-15,-0.0,-1.6220858669302198e-15
504,-5.399514538310666e-16,-0.0,-5.399514538310666e-16
505,-4.1778516336583437e-16,-0.0,-4.1778516336583437e-16
506,-7.330755254100313e-18,-0.0,-7.330755254100313e-18
507,-2.6117220336278036e-14,-0.0,-2.6117220336278036e-14
508,-1.1562297387575014e-13,-387.2993461779629,-387.299346177963
509,-4.0239489025242436e-10,-280.80020191483754,-280.80020191523994
510,-1.0138227765451394e-10,-168.50633947176448,-168.50633947186586
511,-1.652727698571917e-05,-46.05944039134329,-46.05945691862027
512,-3.159381177642096e-09,-310.3984081796625,-310.39840818282187
513,-0.00038323901157266265,-0.0,-0.00038323901157266265
514,-3.5485309097275454e-05,-358.8667184344331,-358.86675391974217
515,-0.00039065918802792706,-0.0,-0.00039065918802792706
516,-0.0003882749123612079,-194.97343512683756,-194.9738234017499
517,-0.0003838169783397912,-119.56687603895944,-119.56725985593778
518,-0.0003410995751804346,-25.54679791196577,-25.54713901154095
519,-0.0003789062229180096,-0.0,-0.0003789062229180096
520,-0.0003925713571207056,-0.0,-0.0003925713571207056
521,-0.00040964064910950726,-0.0,-0.00040964064910950726
522,-0.0004859731647543447,-0.0,-0.0004859731647543447
523,-0.0005265486387475198,-0.0,-0.0005265486387475198
524,-0.0008167424158424888,-0.0,-0.0008167424158424888
525,-0.001396278350759161,-0.0,-0.001396278350759161
526,-0.0015058130610786885,-0.0,-0.0015058130610786885
527,-0.0020379748091891273,-0.0,-0.0020379748091891273
528,-0.002192449689681742,-0.0,-0.002192449689681742
529,-0.004259047798184406,-0.0,-0.004259047798184406
530,-0.0029969021294467433,-0.0,-0.0029969021294467433
531,-0.0044391416672774015,-0.0,-0.0044391416672774015
532,-0.0036694498543235724,-0.0,-0.0036694498543235724
533,-0.0036357862082746803,-0.0,-0.0036357862082746803
534,-0.0030724400103839342,-0.0,-0.0030724400103839342
535,-0.002742540732750186,-0.0,-0.002742540732750186
536,-0.0025014047237178804,-0.0,-0.0025014047237178804
537,-0.002306956085923947,-0.0,-0.002306956085923947
538,-0.0021463401530002653,-0.0,-0.0021463401530002653
539,-0.0019363794180710786,-0.0,-0.0019363794180710786
540,-0.0017267260347329874,-0.0,-0.0017267260347329874
541,-0.001627241021403816,-0.0,-0.001627241021403816
542,-0.0014911062327715742,-0.0,-0.0014911062327715742
543,-0.0013383838077996367,-0.0,-0.0013383838077996367
544,-0.0012198980329585199,-0.0,-0.0012198980329585199
545,-0.0010189080533822576,-0.0,-0.0010189080533822576
546,-0.0009735370457409946,-0.0,-0.0009735370457409946
547,-0.0009738614124140281,-0.0,-0.0009738614124140281
548,-0.0009737709369841101,-0.0,-0.0009737709369841101
549,-0.0009744121210984277,-0.0,-0.0009744121210984277
550,-0.000973549561143644,-0.0,-0.000973549561143644
551,-0.0009754442125573953,-0.0,-0.0009754442125573953
552,-0.00037973407672286375,-0.0,-0.00037973407672286375
553,-0.00038104128141764866,-0.0,-0.00038104128141764866
554,-0.0003729947296482335,-0.0,-0.0003729947296482335
555,-0.00040062452541056204,-0.0,-0.00040062452541056204
556,-3.626528427612381e-05,-0.0,-3.626528427612381e-05
557,-3.626528427612381e-05,-0.0,-3.626528427612381e-05
558,-3.303845221547629e-05,-0.0,-3.303845221547629e-05
559,-3.392501701248233e-05,-0.0,-3.392501701248233e-05
560,-0.00040078962263843444,-0.0,-0.00040078962263843444
561,-3.376987715504922e-05,-0.0,-3.376987715504922e-05
562,-3.376987715504922e-05,-0.0,-3.376987715504922e-05
563,-3.626528427612381e-05,-0.0,-3.626528427612381e-05
564,-3.626528427612381e-05,-0.0,-3.626528427612381e-05
565,-0.00043022020593374335,-0.0,-0.00043022020593374335
566,-3.531397259266937e-05,-0.0,-3.531397259266937e-05
567,-0.0003811858217937689,-0.0,-0.0003811858217937689
568,-3.34511759680561e-05,-0.0,-3.34511759680561e-05
569,-0.00038016125514787717,-0.0,-0.00038016125514787717
570,-0.0003844172842923823,-0.0,-0.0003844172842923823
571,-3.794100988720449e-05,-0.0,-3.794100988720449e-05
572,-1.6685680759683132e-05,-0.0,-1.6685680759683132e-05
573,-1.6685680759683132e-05,-0.0,-1.6685680759683132e-05
574,-1.6685680759683132e-05,-0.0,-1.6685680759683132e-05
575,-1.6685680759683132e-05,-0.0,-1.6685680759683132e-05
576,-1.6685680759683132e-05,-0.0,-1.6685680759683132e-05
577,-1.6685680759683132e-05,-0.0,-1.6685680759683132e-05
578,-1.6685680759683132e-05,-0.0,-1.6685680759683132e-05
579,-1.6685680759683132e-05,-0.0,-1.6685680759683132e-05
580,-1.6685680759683132e-05,-0.0,-1.6685680759683132e-05
581,-1.6685680759683132e-05,-0.0,-1.6685680759683132e-05
582,-1.6685680759683132e-05,-0.0,-1.6685680759683132e-05
583,-1.6685680759683132e-05,-0.0,-1.6685680759683132e-05
584,-1.6685680759683132e-05,-0.0,-1.6685680759683132e-05
585,-1.6685680759683132e-05,-0.0,-1.6685680759683132e-05
586,-1.6685680759683132e-05,-0.0,-1.6685680759683132e-05
587,-1.6685680759683132e-05,-0.0,-1.6685680759683132e-05
588,-1.6685680759683132e-05,-0.0,-1.6685680759683132e-05
589,-1.6685680759683132e-05,-0.0,-1.6685680759683132e-05
590,-1.6685680759683132e-05,-0.0,-1.6685680759683132e-05
591,-1.6685680759683132e-05,-0.0,-1.6685680759683132e-05
592,-1.6685680759683132e-05,-0.0,-1.6685680759683132e-05
593,-1.676319695925644e-05,-0.0,-1.676319695925644e-05
594,-5.388207022590906e-10,-0.0,-5.388207022590906e-10
595,-3.0491278604425602e-12,-0.0,-3.0491278604425602e-12
596,-2.341977495874771e-12,-0.0,-2.341977495874771e-12
597,-1.640377070084987e-05,-0.0,-1.640377070084987e-05
598,-1.0811339753029714e-09,-0.0,-1.0811339753029714e-09
599,-6.648381205789371e-11,-0.0,-6.648381205789371e-11
600,-7.870650225371949e-16,-0.0,-7.870650225371949e-16
601,-1.8031594736757817e-13,-0.0,-1.8031594736757817e-13
602,-1.5259641477653415e-15,-0.0,-1.5259641477653415e-15
603,-3.9722025481137234e-11,-0.0,-3.9722025481137234e-11
604,-1.0120300283985219e-09,-44.26403877438361,-44.26403877539564
605,-1.6348812932235156e-05,-0.0,-1.6348812932235156e-05
606,-1.5143458005267258e-09,-258.17271861876634,-258.1727186202807
607,-0.00017578336598867336,-0.0,-0.00017578336598867336
608,-3.3832383330840013e-09,-461.80940906709793,-461.8094090704812
609,-0.00038588620839253424,-0.0,-0.00038588620839253424
610,-0.00037874935001950514,-243.09251685685922,-243.09289560620923
611,-0.0003795400569514518,-193.12628819533302,-193.12666773538996
612,-0.00038405731680663934,-116.63350944633066,-116.63389350364747
613,-0.0003917353490469574,-33.21290284735596,-33.21329458270501
614,-0.0003775129459198499,-0.0,-0.0003775129459198499
615,-0.00038705066781840296,-0.0,-0.00038705066781840296
616,-0.0004201359977495495,-0.0,-0.0004201359977495495
617,-0.0004187873422514105,-0.0,-0.0004187873422514105
618,-0.0005062670940077214,-0.0,-0.0005062670940077214
619,-0.0008283968263522692,-0.0,-0.0008283968263522692
620,-0.0007752306685630156,-0.0,-0.0007752306685630156
621,-0.0011520583587857538,-0.0,-0.0011520583587857538
622,-0.0019872950019530606,-0.0,-0.0019872950019530606
623,-0.0018061463054674708,-0.0,-0.0018061463054674708
624,-0.0021475632442565906,-0.0,-0.0021475632442565906
625,-0.003917119273327742,-0.0,-0.003917119273327742
626,-0.003027829607688332,-0.0,-0.003027829607688332
627,-0.004341093152463421,-0.0,-0.004341093152463421
628,-0.0038890509428230304,-0.0,-0.0038890509428230304
629,-0.003989937997361642,-0.0,-0.003989937997361642
630,-0.0036435422408169797,-0.0,-0.0036435422408169797
631,-0.003477451528261883,-0.0,-0.003477451528261883
632,-0.0032331867779932665,-0.6488383666237496,-0.6520715534017428
633,-0.0031640166884811896,-12.775909408117059,-12.77907342480554
634,-0.0029174893852996634,-0.0,-0.0029174893852996634
635,-0.0027706233020063473,-0.0,-0.0027706233020063473
636,-0.0025017625163973895,-0.0,-0.0025017625163973895
637,-0.0023288716391421486,-0.0,-0.0023288716391421486
638,-0.002071487637561277,-0.0,-0.002071487637561277
639,-0.00190107059608637,-0.0,-0.00190107059608637
640,-0.001704341835374265,-0.0,-0.001704341835374265
641,-0.001442829279813652,-0.0,-0.001442829279813652
642,-0.001255135283968323,-0.0,-0.001255135283968323
643,-0.0010571782985677282,-0.0,-0.0010571782985677282
644,-0.0009735781571661124,-0.0,-0.0009735781571661124
645,-0.0009739083402613887,-0.0,-0.0009739083402613887
646,-0.000973463745792222,-0.0,-0.000973463745792222
647,-0.0009740941138654374,-0.0,-0.0009740941138654374
648,-0.0003811384517919374,-0.0,-0.0003811384517919374
649,-0.00038131709386756855,-0.0,-0.00038131709386756855
650,-3.623306674486764e-05,-0.0,-3.623306674486764e-05
651,-0.0003826272822013715,-0.0,-0.0003826272822013715
652,-3.626528427612381e-05,-0.0,-3.626528427612381e-05
653,-3.376987715504922e-05,-0.0,-3.376987715504922e-05
654,-3.376987715504922e-05,-0.0,-3.376987715504922e-05
655,-3.303845221547629e-05,-0.0,-3.303845221547629e-05
656,-3.376987715504922e-05,-0.0,-3.376987715504922e-05
657,-3.626528427612381e-05,-0.0,-3.626528427612381e-05
658,-3.626528427612381e-05,-0.0,-3.626528427612381e-05
659,-3.626528427612381e-05,-0.0,-3.626528427612381e-05
660,-3.626528427612381e-05,-0.0,-3.626528427612381e-05
661,-0.00043022020593374335,-0.0,-0.00043022020593374335
662,-3.531397259266937e-05,-0.0,-3.531397259266937e-05
663,-0.0003811858217937689,-0.0,-0.0003811858217937689
664,-3.34511759680561e-05,-0.0,-3.34511759680561e-05
665,-0.00038016125514787717,-0.0,-0.00038016125514787717
666,-0.0003844172842923823,-0.0,-0.0003844172842923823
667,-3.794100988720449e-05,-0.0,-3.794100988720449e-05
668,-1.6685680759683132e-05,-0.0,-1.6685680759683132e-05
669,-1.6685680759683132e-05,-0.0,-1.6685680759683132e-05
670,-1.6685680759683132e-05,-0.0,-1.6685680759683132e-05
671,-1.6685680759683132e-05,-0.0,-1.6685680759683132e-05
